143,0x2b6dc8362f76df34f493497a64df7d627720b8df
708,0x917eccf1bef46a829d2067fae540736120e15a56
152,0x3967b417ad03585c031f987341bf9a4565fce021
846,0xd508c806157976aedbf94493c1f266f2142dadc4
110,
873,0x25c26fa100d21ffa4b6df1b4f15ed01cb1884a5d
860,0x4ec56b9c34d09dc6805b19cd24da495269f2cc9c
989,0x8ed097af0cb9d5551fb68ff3e01e01473ca18443
0,0xc4011b89a7ec6d913e93811e651fa1408fa294f6
187,0x6f41770d4d065de774d1a0bfb77b98eeb02f7f3e
878,0x87893dff05cfa9ac7bc729c28ed8d8409be1ad60
0,0xe3399fb98868f8db0f1ba5b603036e4ce2259561
652,0xa03bccafaee88a84e90b79a1b407dccdfbf93f81
133,0xaaff97ff49775201cdcdf7ab4af1e7343ccc5025
165,0x0726fb8dc6f18d7114110e35550cd3b6f0addc76
627,0x6df9a134c71dbf80da17e48ae8f4790e651f3e43
85,
329,0xd5f1ac7adaba0b53e20bb59e6d207c612495e7b3
517,0x638211dbcddf76d561b6d18e5733046c1bd8dcb9
116,0xa5460f3e167d2b9fa5652c505a60282116cbec9b
709,0x9c10122faf2bd8fbd64b76a066cb9456c678f93e
942,0xeec9fe53af65be824db5ac67d2061a2aace5642f
958,0x41690fbe1cd5d70dfcbc077f0114ff346d0fac2a
755,0xf9fb8aaf2109ee781406697ce0e12a293b92b3f8
658,0xd100460cc77541e93a06939ede47aeda18da71db
366,0x3ceb7bea095065fd774125b094b096f09ea5f6fe
762,0x10db037d253556bda53e98566591cee54037b345
398,0x0136a1bd6594f1c1d370aa326d581f5fb346fa7d
551,0x9825f6e88cc47d426d7dfd35dc4630faf67b7225
941,0x95327c7d1417837a758d9b60e8a125a24ea582ed
758,0x8a158c08e72702e5f0ed6b2186789871bb90971e
673,0xa48b6eb498214aff65f6f7773dee2fbff947af9e
987,0xd393752d0d5679cebac65ed11ee05732575079a3
681,0x9c0e1bb3c36d5d27e08a7ff448b624430aabe70f
671,0x6a74f56e3d8826ac2b5be34242608d5e1f1d52b7
703,0x39835e2885c61544e134064e156ec338c656f88b
514,0xafda857fd3302e05b8d584f2de182e4e57bcd87f
714,0x7b9a8f9dcc9ae7c4139da83e1a9d2a38c9423908
641,0x21450c1da61d33ecc32f7a840831c6405a150ab3
155,0xa231fa69e1b2e123f837a416101ec1687f5d1c35
705,0x02b2795d1612a8ff124bcb54e764ec27d33a2052
612,0xc90f14820d7a3c99b944e4d33b8c71cc3e76f2dc
723,0x3c3f6d7ff8064892eeae655b11e5863eb0b44ae7
413,0xad9b5c740c513dd48b7b8a4681374f4f4d8bcaad
685,0x3cd46084bace7718e8fd87a839ba0bc224b9658a
548,0x234f042330a98c35f3fd089e3fd152d7ac87a512
310,0x661203b5021bd47c0ec752d5a94dc62c3b38a772
724,0xbe710380b34e2711087d46e7f9e2a59905180c7b
328,0x6756ea3e906ab9121b8ff70c6aa7a882b44d226d
501,0x1e2cb29872e69a09a0094743206a56830416a74c
